Case,Conversion Type,Sagittal Dice Score,Coronal Dice Score,Mean Absolute Error
13-38567,dicom2nifti,0.0,0.0,3.2705388747692003e-09
13-38567,dcm2niix,0.0,0.0,3.2705388747692003e-09
13-38567,dcmstack,0.0,0.0,2.9423888310364265e-09
13-38567,sitk,0.0,0.0,0.0
13-38567,lifex,0.0,0.0,0.10068804647059025
13-38567,slicer,0.0,0.0,444.01860731614966
