Case,Conversion Type,Sagittal Dice Score,Coronal Dice Score
11-36971,dicom2nifti,0.37168140935077154,0.8425925795896207
11-36971,dcm2niix,0.37168140935077154,0.8425925795896207
11-36971,dcmstack,0.37168140935077154,0.8425925795896207
11-36971,sitk,0.8540145829559384,0.8425925795896207
11-36971,lifex,0.8540145829559384,0.8425925795896207
11-36971,slicer,0.8540145829559384,0.8425925795896207
