Case,Conversion Type,Sagittal Dice Score,Coronal Dice Score,Mean Absolute Error
PETCT_0b98dbe00d,dicom2nifti,0.35238840757722467,0.6055776844177077,2.9011004603240863e-09
PETCT_0b98dbe00d,dcm2niix,0.35238840757722467,0.6055776844177077,2.9011004603240863e-09
PETCT_0b98dbe00d,dcmstack,0.35238840757722467,0.6055776844177077,1.5303961450736583e-10
PETCT_0b98dbe00d,sitk,0.35238840757722467,0.6055776844177077,0.0
PETCT_0b98dbe00d,lifex,0.35238840757722467,0.6055776844177077,0.001217947117664023
PETCT_0b98dbe00d,slicer,0.35238840757722467,0.6055776844177077,255.79204401662662
