Case,Conversion Type,Sagittal Dice Score,Coronal Dice Score
14-18544,dicom2nifti,0.7586206460562847,0.7083333038194457
14-18544,dcm2niix,0.7586206460562847,0.7083333038194457
14-18544,dcmstack,0.7586206460562847,0.7083333038194457
14-18544,sitk,0.7771428127346964,0.7083333038194457
14-18544,lifex,0.7771428127346964,0.7083333038194457
14-18544,slicer,0.7771428127346964,0.7083333038194457
