Case,Conversion Type,Sagittal Dice Score,Coronal Dice Score
11-14046,dicom2nifti,0.0,0.2499999553571508
11-14046,dcm2niix,0.0,0.2499999553571508
11-14046,dcmstack,0.0,0.2499999553571508
11-14046,sitk,0.0,0.2499999553571508
11-14046,lifex,0.0,0.2499999553571508
11-14046,slicer,0.0,0.2499999553571508
