Case,Conversion Type,Sagittal Dice Score,Coronal Dice Score
PETCT_0cda25453b,dicom2nifti,0.4730052533540121,0.6376285502865786
PETCT_0cda25453b,dcm2niix,0.4730052533540121,0.6376285502865786
PETCT_0cda25453b,dcmstack,0.4730052533540121,0.6376285502865786
PETCT_0cda25453b,sitk,0.05334675363187341,0.6376285502865786
PETCT_0cda25453b,lifex,0.05334675363187341,0.6376285502865786
PETCT_0cda25453b,slicer,0.05334675363187341,0.6376285502865786
