Case,Conversion Type,Sagittal Dice Score,Coronal Dice Score,Mean Absolute Error
11-14046,dicom2nifti,0.0,0.2499999553571508,1.2356799932180783e-09
11-14046,dcm2niix,0.0,0.2499999553571508,1.2356799932180783e-09
11-14046,dcmstack,0.0,0.2499999553571508,7.671166909661039e-10
11-14046,sitk,0.0,0.2499999553571508,0.0
11-14046,lifex,0.0,0.2499999553571508,0.08179758434397312
11-14046,slicer,0.0,0.2499999553571508,397.9824642747276
