Case,Conversion Type,Sagittal Dice Score,Coronal Dice Score,Mean Absolute Error
PETCT_c395306306,dicom2nifti,0.0,0.0,4.2619575977123246e-09
PETCT_c395306306,dcm2niix,0.0,0.0,4.2619575977123246e-09
PETCT_c395306306,dcmstack,0.0,0.0,7.999964680680258e-10
PETCT_c395306306,sitk,0.0,0.0,0.0
PETCT_c395306306,lifex,0.0,0.0,0.04806019853935347
PETCT_c395306306,slicer,0.0,0.0,231.43723237856642
