Case,Conversion Type,Sagittal Dice Score,Coronal Dice Score
PETCT_0b57b247b6,dicom2nifti,0.6962785030458764,0.6680040053359678
PETCT_0b57b247b6,dcm2niix,0.6962785030458764,0.6680040053359678
PETCT_0b57b247b6,dcmstack,0.6962785030458764,0.6680040053359678
PETCT_0b57b247b6,sitk,0.14452709729514243,0.6680040053359678
PETCT_0b57b247b6,lifex,0.14452709729514243,0.6680040053359678
PETCT_0b57b247b6,slicer,0.14452709729514243,0.6680040053359678
