Case,Conversion Type,Sagittal Dice Score,Coronal Dice Score,Mean Absolute Error
PETCT_0cda25453b,dicom2nifti,0.05334675363187341,0.6376285502865786,3.8607825759616475e-09
PETCT_0cda25453b,dcm2niix,0.05334675363187341,0.6376285502865786,3.8607825759616475e-09
PETCT_0cda25453b,dcmstack,0.05334675363187341,0.6376285502865786,2.9603993911043666e-09
PETCT_0cda25453b,sitk,0.05334675363187341,0.6376285502865786,0.0
PETCT_0cda25453b,lifex,0.05334675363187341,0.6376285502865786,0.026828818023007496
PETCT_0cda25453b,slicer,0.05334675363187341,0.6376285502865786,252.32332218567765
