Case,Conversion Type,Sagittal Dice Score,Coronal Dice Score,Mean Absolute Error
PETCT_c018b45a49,dicom2nifti,0.0,0.0,7.138370992642576e-10
PETCT_c018b45a49,dcm2niix,0.0,0.0,7.138370992642576e-10
PETCT_c018b45a49,dcmstack,0.0,0.0,2.701646355028825e-10
PETCT_c018b45a49,sitk,0.0,0.0,0.0
PETCT_c018b45a49,lifex,0.0,0.0,0.062242824495654436
PETCT_c018b45a49,slicer,0.0,0.0,208.69027880842637
