Case,Conversion Type,Sagittal Dice Score,Coronal Dice Score,Mean Absolute Error
11-36971,dicom2nifti,0.8540145829559384,0.8425925795896207,1.2390846227599189e-09
11-36971,dcm2niix,0.8540145829559384,0.8425925795896207,1.2390846227599189e-09
11-36971,dcmstack,0.8540145829559384,0.8425925795896207,1.0683738168615359e-09
11-36971,sitk,0.8540145829559384,0.8425925795896207,0.0
11-36971,lifex,0.8540145829559384,0.8425925795896207,0.04933860711265515
11-36971,slicer,0.8540145829559384,0.8425925795896207,368.1059416604106
