Case,Conversion Type,Sagittal Dice Score,Coronal Dice Score,Mean Absolute Error
PETCT_75d1080946,dicom2nifti,0.0,0.0,1.095440171111006e-09
PETCT_75d1080946,dcm2niix,0.0,0.0,1.095440171111006e-09
PETCT_75d1080946,dcmstack,0.0,0.0,1.2262759399768905e-10
PETCT_75d1080946,sitk,0.0,0.0,0.0
PETCT_75d1080946,lifex,0.0,0.0,0.02960082629095818
PETCT_75d1080946,slicer,0.0,0.0,254.9315443723227
