Case,Conversion Type,Sagittal Dice Score,Coronal Dice Score,Mean Absolute Error
PETCT_0b57b247b6,dicom2nifti,0.14452709729514243,0.6680040053359678,7.117355389275727e-09
PETCT_0b57b247b6,dcm2niix,0.14452709729514243,0.6680040053359678,7.117355389275727e-09
PETCT_0b57b247b6,dcmstack,0.14452709729514243,0.6680040053359678,5.958728897169479e-09
PETCT_0b57b247b6,sitk,0.14452709729514243,0.6680040053359678,0.0
PETCT_0b57b247b6,lifex,0.14452709729514243,0.6680040053359678,0.07983890091447543
PETCT_0b57b247b6,slicer,0.14452709729514243,0.6680040053359678,253.14616117673393
