Case,Conversion Type,Sagittal Dice Score,Coronal Dice Score,Mean Absolute Error
PETCT_0beb67c923,dicom2nifti,0.5610310799012048,0.7250509115746714,2.6059436831398213e-09
PETCT_0beb67c923,dcm2niix,0.5610310799012048,0.7250509115746714,2.6059436831398213e-09
PETCT_0beb67c923,dcmstack,0.5610310799012048,0.7250509115746714,1.7656054297152087e-09
PETCT_0beb67c923,sitk,0.5610310799012048,0.7250509115746714,0.0
PETCT_0beb67c923,lifex,0.5610310799012048,0.7250509115746714,0.029971169746928334
PETCT_0beb67c923,slicer,0.5610310799012048,0.7250509115746714,294.7744752388818
