Case,Conversion Type,Sagittal Dice Score,Coronal Dice Score
PETCT_0b98dbe00d,dicom2nifti,0.5790679864089535,0.6055776844177077
PETCT_0b98dbe00d,dcm2niix,0.5790679864089535,0.6055776844177077
PETCT_0b98dbe00d,dcmstack,0.5790679864089535,0.6055776844177077
PETCT_0b98dbe00d,sitk,0.35238840757722467,0.6055776844177077
PETCT_0b98dbe00d,lifex,0.35238840757722467,0.6055776844177077
PETCT_0b98dbe00d,slicer,0.35238840757722467,0.6055776844177077
