Case,Conversion Type,Sagittal Dice Score,Coronal Dice Score
PETCT_0beb67c923,dicom2nifti,0.7153284613517562,0.7250509115746714
PETCT_0beb67c923,dcm2niix,0.7153284613517562,0.7250509115746714
PETCT_0beb67c923,dcmstack,0.7153284613517562,0.7250509115746714
PETCT_0beb67c923,sitk,0.5610310799012048,0.7250509115746714
PETCT_0beb67c923,lifex,0.5610310799012048,0.7250509115746714
PETCT_0beb67c923,slicer,0.5610310799012048,0.7250509115746714
